<application>
  <component name="CodotaSettings">
    <option name="methodCompletionsPercentageSet" value="true" />
    <option name="id" value="1a1a1669-218d-4eda-b947-a3ca7d72083a" />
    <option name="wasRunBefore" value="true" />
    <option name="firstRun" value="1585921043578" />
    <option name="generation" value="102" />
    <option name="updateGeneration" value="1" />
    <option name="isInJSBeta" value="YES" />
    <option name="isMethodCompletionsPercentageActive" value="true" />
    <option name="isMethodCompletionsPercentageSet" value="true" />
    <option name="featureFlags">
      <map>
        <entry key="java-deep-completions" value="true" />
      </map>
    </option>
    <option name="everTurnedOnFeatureFlags">
      <set>
        <option value="java-deep-completions" />
      </set>
    </option>
    <option name="usedLanguages">
      <set>
        <option value="java" />
      </set>
    </option>
  </component>
</application>